[
  {
    "name": "Clarkson",
    "catchphrase": [
      "You thought mutability was hard?",
      "Are you ready to face the power of the lambda calculus?"
    ],
    "endphrase": [
      "Wow! I see you are a pragmatic programmer! See you soon young grasshopper.",
      "Meanwhile, I hope you are well. Peace, love, and 3110"
    ],
    "x": 9,
    "y": 8,
    "poke_list": [
      {
        "name": "Camerupt",
        "poke_type": "Ground",
        "stats": {
          "level": 9,
          "base_hp": 65,
          "hp": 65,
          "attack": 60,
          "defense": 65,
          "curr_exp": 0,
          "level_up_exp": 50
        },
        "caught": true,
        "move_set": [
          {
            "move_type": "Ground",
            "move_name": "Fissure"
          },
          {
            "move_type": "Normal",
            "move_name": "Growl"
          },
          {
            "move_type": "Fire",
            "move_name": "Eruption"
          },
          {
            "move_type": "Ground",
            "move_name": "Earthquake"
          }
        ]
      },
      {
        "name": "Giratina",
        "poke_type": "Ghost",
        "stats": {
          "level": 7,
          "base_hp": 70,
          "hp": 70,
          "attack": 50,
          "defense": 50,
          "curr_exp": 0,
          "level_up_exp": 50
        },
        "caught": true,
        "move_set": [
          {
            "move_type": "Ghost",
            "move_name": "Shadow Sneak"
          },
          {
            "move_type": "Rock",
            "move_name": "Ancient Power"
          },
          {
            "move_type": "Dragon",
            "move_name": "Dragon Claw"
          },
          {
            "move_type": "Ghost",
            "move_name": "Hex"
          }
        ]
      },
      {
        "name": "Vaporeon",
        "poke_type": "Water",
        "stats": {
          "level": 9,
          "base_hp": 80,
          "hp": 80,
          "attack": 65,
          "defense": 60,
          "curr_exp": 0,
          "level_up_exp": 50
        },
        "caught": true,
        "move_set": [
          {
            "move_type": "Water",
            "move_name": "Aqua Ring"
          },
          {
            "move_type": "Water",
            "move_name": "Muddy Water"
          },
          {
            "move_type": "Ice",
            "move_name": "Aurora Beam"
          },
          {
            "move_type": "Poison",
            "move_name": "Acid Armor"
          }
        ]
      },
      {
        "name": "Umbreon",
        "poke_type": "Dark",
        "stats": {
          "level": 11,
          "base_hp": 80,
          "hp": 80,
          "attack": 70,
          "defense": 45,
          "curr_exp": 0,
          "level_up_exp": 50
        },
        "caught": true,
        "move_set": [
          {
            "move_type": "Dark",
            "move_name": "Assurance"
          },
          {
            "move_type": "Dark",
            "move_name": "Dark Pulse"
          },
          {
            "move_type": "Normal",
            "move_name": "Mean Look"
          },
          {
            "move_type": "Normal",
            "move_name": "Screech"
          }
        ]
      }
    ]
  },
  {
    "name": "Ann Bracy",
    "catchphrase": [
      "Brace yourself, it's time to see if you're a real CS nerd."
    ],
    "endphrase": [
      "It looks like you and your team make a good system."
    ],
    "x": 11,
    "y": 5,
    "poke_list": [
      {
        "name": "Ponyta",
        "poke_type": "Fire",
        "stats": {
          "level": 9,
          "base_hp": 70,
          "hp": 70,
          "attack": 45,
          "defense": 55,
          "curr_exp": 0,
          "level_up_exp": 50
        },
        "caught": true,
        "move_set": [
          {
            "move_type": "Fire",
            "move_name": "Inferno"
          },
          {
            "move_type": "Fire",
            "move_name": "Flame Wheel"
          },
          {
            "move_type": "Fire",
            "move_name": "Fire Spin"
          },
          {
            "move_type": "Normal",
            "move_name": "Stomp"
          }
        ]
      },
      {
        "name": "Lapras",
        "poke_type": "Ice",
        "stats": {
          "level": 9,
          "base_hp": 70,
          "hp": 70,
          "attack": 65,
          "defense": 40,
          "curr_exp": 0,
          "level_up_exp": 50
        },
        "caught": true,
        "move_set": [
          {
            "move_type": "Water",
            "move_name": "Hydro Pump"
          },
          {
            "move_type": "Ice",
            "move_name": "Ice Shard"
          },
          {
            "move_type": "Ice",
            "move_name": "Ice Beam"
          },
          {
            "move_type": "Water",
            "move_name": "Life Dew"
          }
        ]
      },
      {
        "name": "Eevee",
        "poke_type": "Normal",
        "stats": {
          "level": 11,
          "base_hp": 80,
          "hp": 80,
          "attack": 55,
          "defense": 50,
          "curr_exp": 0,
          "level_up_exp": 50
        },
        "caught": true,
        "move_set": [
          {
            "move_type": "Normal",
            "move_name": "Growl"
          },
          {
            "move_type": "Normal",
            "move_name": "Double-Edge"
          },
          {
            "move_type": "Ground",
            "move_name": "Sand Attack"
          },
          {
            "move_type": "Dark",
            "move_name": "Bite"
          }
        ]
      }
    ]
  },
  {
    "name": "Gries",
    "catchphrase": [
      "Do you know the four loopy questions? Will this battle start right?",
      "How will this battle progress towards termination?"
    ],
    "endphrase": [
      "I guess this battle did end right.",
      "It looks like you have mastered the four loopy questions. Good luck."
    ],
    "x": 5,
    "y": 2,
    "poke_list": [
      {
        "name": "Jolteon",
        "poke_type": "Electric",
        "stats": {
          "level": 9,
          "base_hp": 55,
          "hp": 55,
          "attack": 45,
          "defense": 60,
          "curr_exp": 0,
          "level_up_exp": 50
        },
        "caught": true,
        "move_set": [
          {
            "move_type": "Electric",
            "move_name": "Thunder Fang"
          },
          {
            "move_type": "Electric",
            "move_name": "Thunder Shock"
          },
          {
            "move_type": "Normal",
            "move_name": "Covet"
          },
          {
            "move_type": "Normal",
            "move_name": "Swift"
          }
        ]
      },
      {
        "name": "Leafeon",
        "poke_type": "Grass",
        "stats": {
          "level": 8,
          "base_hp": 75,
          "hp": 75,
          "attack": 67,
          "defense": 52,
          "curr_exp": 0,
          "level_up_exp": 50
        },
        "caught": true,
        "move_set": [
          {
            "move_type": "Grass",
            "move_name": "Giga Drain"
          },
          {
            "move_type": "Grass",
            "move_name": "Leaf Blade"
          },
          {
            "move_type": "Ground",
            "move_name": "Sand Attack"
          },
          {
            "move_type": "Normal",
            "move_name": "Swords Dance"
          }
        ]
      }
    ]
  },
  {
    "name": "Walker White",
    "catchphrase": [
      "I get a lot of emails, this better be quick."
    ],
    "endphrase": [
      "That was more exciting than an email. Good luck trainer."
    ],
    "x": 14,
    "y": 4,
    "poke_list": [
      {
        "name": "Skitty",
        "poke_type": "Normal",
        "stats": {
          "level": 9,
          "base_hp": 65,
          "hp": 65,
          "attack": 45,
          "defense": 45,
          "curr_exp": 0,
          "level_up_exp": 50
        },
        "caught": true,
        "move_set": [
          {
            "move_type": "Normal",
            "move_name": "Double Slap"
          },
          {
            "move_type": "Normal",
            "move_name": "Captivate"
          },
          {
            "move_type": "Normal",
            "move_name": "Heal Bell"
          },
          {
            "move_type": "Dark",
            "move_name": "Feint Attack"
          }
        ]
      },
      {
        "name": "Mudkip",
        "poke_type": "Water",
        "stats": {
          "level": 11,
          "base_hp": 75,
          "hp": 75,
          "attack": 50,
          "defense": 50,
          "curr_exp": 0,
          "level_up_exp": 50
        },
        "caught": true,
        "move_set": [
          {
            "move_type": "Water",
            "move_name": "Surf"
          },
          {
            "move_type": "Water",
            "move_name": "Hydro Pump"
          },
          {
            "move_type": "Psychic",
            "move_name": "Amnesia"
          },
          {
            "move_type": "Normal",
            "move_name": "Supersonic"
          }
        ]
      }
    ]
  }
]